"Id","UserId","Avatar","Author","Content","Url","ReactionsCount","Depth","SubCommentsCount","CommentAt"
"Y29tbWVudDo3NjcwNzIzMTIyOTI3NDhfMzkwMjA0NDAwMzQwMjA3Nw==","100069699575680","https://scontent.fsgn19-1.fna.fbcdn.net/v/t39.30808-1/448266453_765922482407731_4819362501868571602_n.jpg?stp=cp0_dst-jpg_p32x32&_nc_cat=1&ccb=1-7&_nc_sid=5f2048&_nc_eui2=AeHGqrQE4HYt7a3WVn_zPAY8NDOOQ8_bJG80M45Dz9skb477PNeHVAo_e65DoHqq3lrbVUGjJg1dUGZwE9wpWkFF&_nc_ohc=aQSO2RHTVOsQ7kNvgHfWxIl&_nc_ht=scontent.fsgn19-1.fna&oh=00_AYDWkP3XYkFK3Dx5YfFxFVfW6vCWO5VDZPUAAlOt5PEjag&oe=6675F498","Kaito Kid","N√≥i thi·ªát √°, tui c√≤n ch∆∞a l√†m g√¨ thi·ªát m√†. N·∫øu m√† c√≥ tui c≈©ng gi·∫•u t·ªõi cu·ªëi ch·ª© l√†m j leak s·ªõm z. N√™n l√† m·ªçi ng∆∞·ªùi lo √¥n b√†i ƒëi nhaaaaaaa <3","https://www.facebook.com/KaitoKid1412.Official/posts/pfbid02UMynNFPFMXYxqGzdHkf1hBDcKSYJJBWJD6PeNyho5ofmkF5pDKrqFStgmuRVcoval?comment_id=3902044003402077","15","0","1","06/17/2024 07:49:23 PM"
"Y29tbWVudDo3NjcwNzIzMTIyOTI3NDhfODQxNzQ5NjQ0NTQxNTAx","100053978115539","https://scontent.fsgn19-1.fna.fbcdn.net/v/t1.30497-1/143086968_2856368904622192_1959732218791162458_n.png?stp=cp0_dst-png_p32x32&_nc_cat=1&ccb=1-7&_nc_sid=5f2048&_nc_eui2=AeGeHqmZ1cTaj41jbNFmjlWAso2H55p0AlGyjYfnmnQCUemA0NxXiMvC3iwkXz-XpSXbIBdKXDfMCQxQJc9oBn2f&_nc_ohc=dLKpxagQdsAQ7kNvgE4TNCp&_nc_ht=scontent.fsgn19-1.fna&oh=00_AYDXR5Km5ntH9R-UM8B2QSibNMAzp-3ObUs3kkKV5-51Eg&oe=6697A338","Tr·ªãnh H·ªìng Lan","‚ò∫Ô∏èüíî","https://www.facebook.com/KaitoKid1412.Official/posts/pfbid02UMynNFPFMXYxqGzdHkf1hBDcKSYJJBWJD6PeNyho5ofmkF5pDKrqFStgmuRVcoval?comment_id=841749644541501","0","0","0","06/17/2024 07:47:57 PM"
"Y29tbWVudDo3NjcwNzIzMTIyOTI3NDhfODUzOTUxODAzMjQzNTk5","100017884985507","https://scontent.fsgn19-1.fna.fbcdn.net/v/t39.30808-1/419097255_1391067414832745_6806302648304188322_n.jpg?stp=cp0_dst-jpg_p32x32&_nc_cat=109&ccb=1-7&_nc_sid=5f2048&_nc_eui2=AeGkSwh4_GrGit7jbB58CVF8-gD8nJIXTmv6APyckhdOa9aJ5gMZTr1SyfvzHbeC57iOdSvZQiiLfoxBw6AJPUHI&_nc_ohc=JL6mYHO4OfwQ7kNvgFw8J4s&_nc_ht=scontent.fsgn19-1.fna&oh=00_AYBcKZzsS1hP18asd69AGGBpXvL8LU6bgSU8j9OC_WVysw&oe=6675F635","Nguy·ªÖn Th·∫£o","Ch·ªìng √°c v·ª´a th√¥i","https://www.facebook.com/KaitoKid1412.Official/posts/pfbid02UMynNFPFMXYxqGzdHkf1hBDcKSYJJBWJD6PeNyho5ofmkF5pDKrqFStgmuRVcoval?comment_id=853951803243599","0","0","0","06/17/2024 07:47:36 PM"
"Y29tbWVudDo3NjcwNzIzMTIyOTI3NDhfMjg5Njg0MzI0MjI1NTQw","100047974548726","https://scontent.fsgn19-1.fna.fbcdn.net/v/t39.30808-1/444480055_957545585854584_5549545114587743875_n.jpg?stp=cp0_dst-jpg_p32x32&_nc_cat=103&ccb=1-7&_nc_sid=5f2048&_nc_eui2=AeGfslQ4li7IajC5tEWLK_Jvvirh03VORtu-KuHTdU5G26chr0jAeyQmKqhJKz8E4Q1MwBoGg5dvo1-Aa8-9KIYy&_nc_ohc=3IHuYa2VvTAQ7kNvgFTgp-N&_nc_ht=scontent.fsgn19-1.fna&oh=00_AYDzM9e4Q0dFlmCwbGULYAkIHuCz_ZUowr5x2nnR-n2W4w&oe=66761F7D","Ng Khanh Duy","Vi·ªát B·∫Øc üò≠","https://www.facebook.com/KaitoKid1412.Official/posts/pfbid02UMynNFPFMXYxqGzdHkf1hBDcKSYJJBWJD6PeNyho5ofmkF5pDKrqFStgmuRVcoval?comment_id=289684324225540","0","0","0","06/17/2024 07:48:26 PM"
"Y29tbWVudDo3NjcwNzIzMTIyOTI3NDhfNDU0NDc4Njg3NTMzNjA0","100025782908334","https://scontent.fsgn19-1.fna.fbcdn.net/v/t39.30808-1/444456159_1499724530896963_1255719043888086945_n.jpg?stp=cp0_dst-jpg_p32x32&_nc_cat=102&ccb=1-7&_nc_sid=5f2048&_nc_eui2=AeHOD3gs0peP7u-3VhiV0pBqQnWdvxb1ScxCdZ2_FvVJzE_gobEJlsbvjB6Rfa0ECCeAkipj1U4o94zUuqfrtFpH&_nc_ohc=lWNp14RZBe8Q7kNvgE61mhU&_nc_ht=scontent.fsgn19-1.fna&oh=00_AYCD2YXfrPwZWAiSjbqgCWoMngt0wp4MD2FVzunedAJ_Tg&oe=66761330","Anh Th∆°m","√°c √¥n","https://www.facebook.com/KaitoKid1412.Official/posts/pfbid02UMynNFPFMXYxqGzdHkf1hBDcKSYJJBWJD6PeNyho5ofmkF5pDKrqFStgmuRVcoval?comment_id=454478687533604","0","0","0","06/17/2024 07:50:14 PM"
"Y29tbWVudDo3NjcwNzIzMTIyOTI3NDhfMzA2NDc3ODcwMDMyNTg3Ng==","100043239493973","https://scontent.fsgn19-1.fna.fbcdn.net/v/t39.30808-1/448430635_1204522967665675_6110550570704669080_n.jpg?stp=cp0_dst-jpg_p32x32&_nc_cat=102&ccb=1-7&_nc_sid=5f2048&_nc_eui2=AeEYpuU1Rfg8lfDKnIRg94zYf1FSg6NzIvJ_UVKDo3Mi8memC14svPP8d7GQjZ8m9Ta1AeFfO1qjtDSF8xQP7sR3&_nc_ohc=E0fl_ds2vKMQ7kNvgHMkua4&_nc_ht=scontent.fsgn19-1.fna&oh=00_AYD12ZI7ocoxai047BDH7-vtfYNttK3OWCMSXs0_LElhsw&oe=6675E994","Mai Ng·ªçc √Ånh","V√¥ b√†i s√≥ng ch·ª© ƒë√¢u","https://www.facebook.com/KaitoKid1412.Official/posts/pfbid02UMynNFPFMXYxqGzdHkf1hBDcKSYJJBWJD6PeNyho5ofmkF5pDKrqFStgmuRVcoval?comment_id=3064778700325876","0","0","0","06/17/2024 07:50:10 PM"
"Y29tbWVudDo3NjcwNzIzMTIyOTI3NDhfMzg0MTUyMjE3NDUzOTQ3","100050135135462","https://scontent.fsgn19-1.fna.fbcdn.net/v/t39.30808-1/415271176_892373385777158_1290141651820758918_n.jpg?stp=cp0_dst-jpg_p32x32&_nc_cat=108&ccb=1-7&_nc_sid=5f2048&_nc_eui2=AeFOf-0t-Sg83TitH4EZrmQzwRBPA85o9IvBEE8Dzmj0i2NvQHZ4Fzt6_6vWjrkuxejrt6QBztaxNFNNtbUorArR&_nc_ohc=82OnpLfg6KkQ7kNvgGH84lh&_nc_ht=scontent.fsgn19-1.fna&oh=00_AYDcGiv13Isd5h5FGnGUySfgubDKx0y-3ExEDo-D1_mOaA&oe=6675FD6B","H√† Ph∆∞∆°ng Mai","l√†m d∆∞ lu·∫≠n hoang mangüôÉ","https://www.facebook.com/KaitoKid1412.Official/posts/pfbid02UMynNFPFMXYxqGzdHkf1hBDcKSYJJBWJD6PeNyho5ofmkF5pDKrqFStgmuRVcoval?comment_id=384152217453947","0","0","0","06/17/2024 07:48:06 PM"
"Y29tbWVudDo3NjcwNzIzMTIyOTI3NDhfMTY2MTE2MjQwMTMxMjQzMg==","100071742848197","https://scontent.fsgn19-1.fna.fbcdn.net/v/t1.30497-1/143086968_2856368904622192_1959732218791162458_n.png?stp=cp0_dst-png_p32x32&_nc_cat=1&ccb=1-7&_nc_sid=5f2048&_nc_eui2=AeGeHqmZ1cTaj41jbNFmjlWAso2H55p0AlGyjYfnmnQCUemA0NxXiMvC3iwkXz-XpSXbIBdKXDfMCQxQJc9oBn2f&_nc_ohc=dLKpxagQdsAQ7kNvgE4TNCp&_nc_ht=scontent.fsgn19-1.fna&oh=00_AYDXR5Km5ntH9R-UM8B2QSibNMAzp-3ObUs3kkKV5-51Eg&oe=6697A338","Linh Di·ªáp","X·∫°o th ƒëk =))","https://www.facebook.com/KaitoKid1412.Official/posts/pfbid02UMynNFPFMXYxqGzdHkf1hBDcKSYJJBWJD6PeNyho5ofmkF5pDKrqFStgmuRVcoval?comment_id=1661162401312432","0","0","0","06/17/2024 07:50:19 PM"
"Y29tbWVudDo3NjcwNzIzMTIyOTI3NDhfMTQzMTE1MzYwNzU4NzU4OA==","100055097636859","https://scontent.fsgn19-1.fna.fbcdn.net/v/t39.30808-1/428597892_931424718704107_602950082325712794_n.jpg?stp=cp0_dst-jpg_p32x32&_nc_cat=101&ccb=1-7&_nc_sid=5f2048&_nc_eui2=AeER5b7Me7zkJPhsf1d0eM-ubPaWOckHBAts9pY5yQcECxNVXvP99asj4s3mMrz3vhm5tPv3HzXb8kYLSNEibjSt&_nc_ohc=ED7uihF54BgQ7kNvgGuzayZ&_nc_ht=scontent.fsgn19-1.fna&oh=00_AYBxJ6h8z42S6vGbxaLMscZIupCwvkOUuYwtWER_FeqQxQ&oe=6676164E","Yenn Yenn","√Åc v·ª´a thuuii","https://www.facebook.com/KaitoKid1412.Official/posts/pfbid02UMynNFPFMXYxqGzdHkf1hBDcKSYJJBWJD6PeNyho5ofmkF5pDKrqFStgmuRVcoval?comment_id=1431153607587588","0","0","0","06/17/2024 07:48:59 PM"
"Y29tbWVudDo3NjcwNzIzMTIyOTI3NDhfMzc5NjE1NTIxMjg2Njc2","100073389636654","https://scontent.fsgn19-1.fna.fbcdn.net/v/t39.30808-1/448229862_495541336235517_486402555877325147_n.jpg?stp=cp0_dst-jpg_p32x32&_nc_cat=110&ccb=1-7&_nc_sid=5f2048&_nc_eui2=AeGSvpDWBjhewcpsSwWYUiYiqFHYHOjzcMeoUdgc6PNwx5tQ_xi7ALlaDHn77hUDw4P35VL0fy0Ei1IIe8n_tuGO&_nc_ohc=k6Q2TPAtIaMQ7kNvgH6z7cH&_nc_ht=scontent.fsgn19-1.fna&oh=00_AYATwH-OVdFn-XbEcwaoElx5AoIl46ncV7msngVJrgB4lQ&oe=6675F2BF","Kim Tuy·∫ønN","√°c:)","https://www.facebook.com/KaitoKid1412.Official/posts/pfbid02UMynNFPFMXYxqGzdHkf1hBDcKSYJJBWJD6PeNyho5ofmkF5pDKrqFStgmuRVcoval?comment_id=379615521286676","0","0","0","06/17/2024 07:49:35 PM"
"Y29tbWVudDo3NjcwNzIzMTIyOTI3NDhfMTQ1MDI2MTI1MjMwNzkzOA==","100061629625996","https://scontent.fsgn19-1.fna.fbcdn.net/v/t1.30497-1/143086968_2856368904622192_1959732218791162458_n.png?stp=cp0_dst-png_p32x32&_nc_cat=1&ccb=1-7&_nc_sid=5f2048&_nc_eui2=AeGeHqmZ1cTaj41jbNFmjlWAso2H55p0AlGyjYfnmnQCUemA0NxXiMvC3iwkXz-XpSXbIBdKXDfMCQxQJc9oBn2f&_nc_ohc=dLKpxagQdsAQ7kNvgE4TNCp&_nc_ht=scontent.fsgn19-1.fna&oh=00_AYDXR5Km5ntH9R-UM8B2QSibNMAzp-3ObUs3kkKV5-51Eg&oe=6697A338","Ziny ƒê·ªó","√Åc","https://www.facebook.com/KaitoKid1412.Official/posts/pfbid02UMynNFPFMXYxqGzdHkf1hBDcKSYJJBWJD6PeNyho5ofmkF5pDKrqFStgmuRVcoval?comment_id=1450261252307938","0","0","0","06/17/2024 07:51:05 PM"
"Y29tbWVudDo3NjcwNzIzMTIyOTI3NDhfOTk0MzAzMjExOTY5Nzg1","100081538214738","https://scontent.fsgn19-1.fna.fbcdn.net/v/t1.30497-1/143086968_2856368904622192_1959732218791162458_n.png?stp=cp0_dst-png_p32x32&_nc_cat=1&ccb=1-7&_nc_sid=5f2048&_nc_eui2=AeGeHqmZ1cTaj41jbNFmjlWAso2H55p0AlGyjYfnmnQCUemA0NxXiMvC3iwkXz-XpSXbIBdKXDfMCQxQJc9oBn2f&_nc_ohc=dLKpxagQdsAQ7kNvgE4TNCp&_nc_ht=scontent.fsgn19-1.fna&oh=00_AYDXR5Km5ntH9R-UM8B2QSibNMAzp-3ObUs3kkKV5-51Eg&oe=6697A338","Th·∫£o Ng√¢n","üíî","https://www.facebook.com/KaitoKid1412.Official/posts/pfbid02UMynNFPFMXYxqGzdHkf1hBDcKSYJJBWJD6PeNyho5ofmkF5pDKrqFStgmuRVcoval?comment_id=994303211969785","0","0","0","06/17/2024 07:50:48 PM"
"Y29tbWVudDo3NjcwNzIzMTIyOTI3NDhfMTEyMzk1MjU2MjIwNzgzOQ==","100078762147926","https://scontent.fsgn19-1.fna.fbcdn.net/v/t39.30808-1/442438588_441433998492001_8766876027468407288_n.jpg?stp=cp6_dst-jpg_p32x32&_nc_cat=108&ccb=1-7&_nc_sid=5f2048&_nc_eui2=AeGXQjUUdIXK1ob7AzcytvLjRNrqh8g0zxlE2uqHyDTPGZgclfa5Gm3dBUdENLHl8_GDxA4nHL3HH_zVJKrFcHga&_nc_ohc=IsmNzvwbOEsQ7kNvgHdbD-k&_nc_ht=scontent.fsgn19-1.fna&oh=00_AYAgq1arIkfALO7XEjlGKIBBqkw1YCQusJ-LFaFZNvY74w&oe=66760251","An Nhien","tr√¥nüòÉ","https://www.facebook.com/KaitoKid1412.Official/posts/pfbid02UMynNFPFMXYxqGzdHkf1hBDcKSYJJBWJD6PeNyho5ofmkF5pDKrqFStgmuRVcoval?comment_id=1123952562207839","0","0","0","06/17/2024 07:48:29 PM"
"Y29tbWVudDo3NjcwNzIzMTIyOTI3NDhfMTY4NjIyNjYyNTQ0OTI4MQ==","100041124615690","https://scontent.fsgn19-1.fna.fbcdn.net/v/t1.30497-1/143086968_2856368904622192_1959732218791162458_n.png?stp=cp0_dst-png_p32x32&_nc_cat=1&ccb=1-7&_nc_sid=5f2048&_nc_eui2=AeGeHqmZ1cTaj41jbNFmjlWAso2H55p0AlGyjYfnmnQCUemA0NxXiMvC3iwkXz-XpSXbIBdKXDfMCQxQJc9oBn2f&_nc_ohc=dLKpxagQdsAQ7kNvgE4TNCp&_nc_ht=scontent.fsgn19-1.fna&oh=00_AYDXR5Km5ntH9R-UM8B2QSibNMAzp-3ObUs3kkKV5-51Eg&oe=6697A338","Th·∫£o Nguy√™n","VB h·∫£","https://www.facebook.com/KaitoKid1412.Official/posts/pfbid02UMynNFPFMXYxqGzdHkf1hBDcKSYJJBWJD6PeNyho5ofmkF5pDKrqFStgmuRVcoval?comment_id=1686226625449281","0","0","0","06/17/2024 07:49:53 PM"
"Y29tbWVudDo3NjcwNzIzMTIyOTI3NDhfMzM5MzE3ODE5MDk4MzYzOQ==","100047592913662","https://scontent.fsgn19-1.fna.fbcdn.net/v/t39.30808-1/448015643_974167547513000_7914506030616160175_n.jpg?stp=cp0_dst-jpg_p32x32&_nc_cat=101&ccb=1-7&_nc_sid=5f2048&_nc_eui2=AeF7imbjiJOTBbFU7PkVcW6iV0DX6pWDgi9XQNfqlYOCL1A-zEO6E6UDdA2GDQvdmak4PMWveGGhkw6ygm0Fl74E&_nc_ohc=hHlUpckuyNQQ7kNvgHWOAT0&_nc_ht=scontent.fsgn19-1.fna&oh=00_AYDq1jwhqIz6lDPwj5wDqKuHL28mq-acs_8IDOEByqIfPA&oe=6675FCA5","Nguy·ªÖn Ly","√°c =))","https://www.facebook.com/KaitoKid1412.Official/posts/pfbid02UMynNFPFMXYxqGzdHkf1hBDcKSYJJBWJD6PeNyho5ofmkF5pDKrqFStgmuRVcoval?comment_id=3393178190983639","0","0","0","06/17/2024 07:50:39 PM"
"Y29tbWVudDo3NjcwNzIzMTIyOTI3NDhfOTkzMjA5MDEyMTg5OTY5","100091448191929","https://scontent.fsgn19-1.fna.fbcdn.net/v/t39.30808-1/448469087_387732250951712_6571911608105414563_n.jpg?stp=cp0_dst-jpg_p32x32&_nc_cat=101&ccb=1-7&_nc_sid=5f2048&_nc_eui2=AeG32ZqoZxr-yqLDmeCR7cG2-lOwpGzg1y36U7CkbODXLS48G4sxYB_YrWd27Ln_DsIBAHiSSDuTDtaT5kL6wB_B&_nc_ohc=OuP2LlBbpEUQ7kNvgEZmA9J&_nc_ht=scontent.fsgn19-1.fna&oh=00_AYAk7EFrlv85_if1XI1hQx-ZTHkxlOH57j6LoOCLxwYkCQ&oe=66760834","H√† VƒÉn V∆∞∆°ng","üò¢","https://www.facebook.com/KaitoKid1412.Official/posts/pfbid02UMynNFPFMXYxqGzdHkf1hBDcKSYJJBWJD6PeNyho5ofmkF5pDKrqFStgmuRVcoval?comment_id=993209012189969","0","0","0","06/17/2024 07:51:11 PM"
"Y29tbWVudDo3NjcwNzIzMTIyOTI3NDhfODYwMTk2MDc5Mjk0NDU5","100084519425441","https://scontent.fsgn19-1.fna.fbcdn.net/v/t39.30808-1/448205572_434398676054110_8125968943490221772_n.jpg?stp=cp0_dst-jpg_p32x32&_nc_cat=101&ccb=1-7&_nc_sid=5f2048&_nc_eui2=AeHNBAmJU3m5SGnyg4WNZz2aLhyPdqqttnwuHI92qq22fIYpYZpiSmzck44HGyZJZpKlIAbDQIyYAlJE-wbTyGgU&_nc_ohc=m1w3pxYHXtYQ7kNvgH8093r&_nc_ht=scontent.fsgn19-1.fna&oh=00_AYCxKMNvnnimEaJeQnaurt7B-VIaHuMfcrBfSfrqMm8D-w&oe=6675E968","Ng Nh·∫≠t Ly","juan k","https://www.facebook.com/KaitoKid1412.Official/posts/pfbid02UMynNFPFMXYxqGzdHkf1hBDcKSYJJBWJD6PeNyho5ofmkF5pDKrqFStgmuRVcoval?comment_id=860196079294459","0","0","0","06/17/2024 07:51:04 PM"
"Y29tbWVudDo3NjcwNzIzMTIyOTI3NDhfOTYwNzA5Nzg1ODA4MTcy","100077212285788","https://scontent.fsgn19-1.fna.fbcdn.net/v/t39.30808-1/441419302_462186449698427_5396156389915424955_n.jpg?stp=c8.0.32.32a_cp0_dst-jpg_p32x32&_nc_cat=108&ccb=1-7&_nc_sid=5f2048&_nc_eui2=AeFmUuCpdDELCBDTuu_FFE3BuLx7CYEXj824vHsJgRePzaALC-JwgmRCsqnbongrxXMCj3Wzl0APhq1Q9cQqQRWS&_nc_ohc=no5sgNp4_1UQ7kNvgF2ogFZ&_nc_ht=scontent.fsgn19-1.fna&oh=00_AYB2qsM_B5FU1_P-yneUMehBPcnAJp99CECNJNvXigs5tA&oe=66760EDD","Tr·∫ßn Mai Anh","l√† sao z ck ","https://www.facebook.com/KaitoKid1412.Official/posts/pfbid02UMynNFPFMXYxqGzdHkf1hBDcKSYJJBWJD6PeNyho5ofmkF5pDKrqFStgmuRVcoval?comment_id=960709785808172","0","0","0","06/17/2024 07:50:17 PM"
"Y29tbWVudDo3NjcwNzIzMTIyOTI3NDhfODQzMjMxNjg3Njc3MDM2","100092246468704","https://scontent.fsgn19-1.fna.fbcdn.net/v/t39.30808-1/448510599_387016374383242_6115141688029798063_n.jpg?stp=cp0_dst-jpg_p32x32&_nc_cat=105&ccb=1-7&_nc_sid=5f2048&_nc_eui2=AeGnYQTncM7mU5aejEyIMcFgIp6LL6LoTEEinosvouhMQYLtIn7D3S_2mH2oE6N5q4M3lsjEZQQFY_h3Ij8IuANy&_nc_ohc=DKd5kFbz5IMQ7kNvgFCQ0Kr&_nc_ht=scontent.fsgn19-1.fna&oh=00_AYCmLFKL2r5isgR53SMH4Ilk8YStipzik1ZMg4N_LuZRow&oe=66761CA6","Nguy·ªÖn Ph∆∞∆°ng Thu Th·∫£o","Em kh√¥ng tinnnnn","https://www.facebook.com/KaitoKid1412.Official/posts/pfbid02UMynNFPFMXYxqGzdHkf1hBDcKSYJJBWJD6PeNyho5ofmkF5pDKrqFStgmuRVcoval?comment_id=843231687677036","0","0","0","06/17/2024 07:47:06 PM"
"Y29tbWVudDo3NjcwNzIzMTIyOTI3NDhfNzYzMTk5NjgyNjkzMDcx","100032604924160","https://scontent.fsgn19-1.fna.fbcdn.net/v/t39.30808-1/432787315_1058575901905897_6819058480839277000_n.jpg?stp=cp6_dst-jpg_p32x32&_nc_cat=109&ccb=1-7&_nc_sid=5f2048&_nc_eui2=AeHZ31AFtCRINvgVin2mAsvC7t9tZsF3kTbu321mwXeRNnxDn3qTFYwesxKfOS9ToGr-f-R-IJoF9dZzFqPof2I6&_nc_ohc=9AJGu2_vli8Q7kNvgHvWh0q&_nc_ht=scontent.fsgn19-1.fna&oh=00_AYColcgK8gD6UcF--XXlCj-rmmpYkc0QCSDgfQJimSDNwg&oe=6675EF5F","Qu·ª≥nh Nhi","Vin Lu√¥n Vui V·∫ª ch·∫Øc ch·∫Øn l√† ƒë√°nh l·∫°c h∆∞·ªõng","https://www.facebook.com/KaitoKid1412.Official/posts/pfbid02UMynNFPFMXYxqGzdHkf1hBDcKSYJJBWJD6PeNyho5ofmkF5pDKrqFStgmuRVcoval?comment_id=763199682693071","0","0","0","06/17/2024 07:49:18 PM"
"Y29tbWVudDo3NjcwNzIzMTIyOTI3NDhfMTU1NjI3ODM4NDkyOTA4MQ==","100044109787309","https://scontent.fsgn19-1.fna.fbcdn.net/v/t39.30808-1/438259576_990242872456030_4700629060214714589_n.jpg?stp=cp0_dst-jpg_p32x32&_nc_cat=104&ccb=1-7&_nc_sid=5f2048&_nc_eui2=AeHXhtcPxSOZ1mJ0cx81PNBNzizfnjjHPKXOLN-eOMc8pTPKLeVdC8tidghgUwZCjCSbs85cE5r0Eda-5mXo1FD4&_nc_ohc=M_8Thf79QkQQ7kNvgHUHWPF&_nc_ht=scontent.fsgn19-1.fna&oh=00_AYBF3biB1ANj3buZy-K68Ur7gVkY78Wm5-gDG5_0QVNHZw&oe=6675FFB5","Thanh Th∆∞","Thanh Ng√¢n ƒë·ªùi","https://www.facebook.com/KaitoKid1412.Official/posts/pfbid02UMynNFPFMXYxqGzdHkf1hBDcKSYJJBWJD6PeNyho5ofmkF5pDKrqFStgmuRVcoval?comment_id=1556278384929081","1","0","1","06/17/2024 07:48:04 PM"
"Y29tbWVudDo3NjcwNzIzMTIyOTI3NDhfMTAzNTA1MDYxNDcxOTMwMg==","100090473445638","https://scontent.fsgn19-1.fna.fbcdn.net/v/t39.30808-1/448440074_415423821483396_7881849610934317684_n.jpg?stp=cp0_dst-jpg_p32x32&_nc_cat=1&ccb=1-7&_nc_sid=5f2048&_nc_eui2=AeEj5FJTudY0WNE2Y2w95a99C0jcA2CuTEYLSNwDYK5MRqPRa1kdUAZM5soXvoPQnAe8nJk4_i_YZmuF8nwq6HHH&_nc_ohc=7jzjQtRGkVUQ7kNvgFZYPI6&_nc_ht=scontent.fsgn19-1.fna&oh=00_AYCFGYqsLctbEHbP8D5jKkpswGNiRr09_DmrSsVgZBJ4YQ&oe=6675F986","Ebeb·∫≠niu Liverpool","K tin","https://www.facebook.com/KaitoKid1412.Official/posts/pfbid02UMynNFPFMXYxqGzdHkf1hBDcKSYJJBWJD6PeNyho5ofmkF5pDKrqFStgmuRVcoval?comment_id=1035050614719302","0","0","0","06/17/2024 07:47:30 PM"
"Y29tbWVudDo3NjcwNzIzMTIyOTI3NDhfMTg2NDEyMTU4NDA5OTkyMA==","100043239493973","https://scontent.fsgn19-1.fna.fbcdn.net/v/t39.30808-1/448430635_1204522967665675_6110550570704669080_n.jpg?stp=cp0_dst-jpg_p32x32&_nc_cat=102&ccb=1-7&_nc_sid=5f2048&_nc_eui2=AeEYpuU1Rfg8lfDKnIRg94zYf1FSg6NzIvJ_UVKDo3Mi8memC14svPP8d7GQjZ8m9Ta1AeFfO1qjtDSF8xQP7sR3&_nc_ohc=E0fl_ds2vKMQ7kNvgHMkua4&_nc_ht=scontent.fsgn19-1.fna&oh=00_AYD12ZI7ocoxai047BDH7-vtfYNttK3OWCMSXs0_LElhsw&oe=6675E994","Mai Ng·ªçc √Ånh","T∆∞·ªüng b·ªã hack page","https://www.facebook.com/KaitoKid1412.Official/posts/pfbid02UMynNFPFMXYxqGzdHkf1hBDcKSYJJBWJD6PeNyho5ofmkF5pDKrqFStgmuRVcoval?comment_id=1864121584099920","0","0","0","06/17/2024 07:49:08 PM"
"Y29tbWVudDo3NjcwNzIzMTIyOTI3NDhfOTE3NTc1MTYwMTM4MzI1","100078698154493","https://scontent.fsgn19-1.fna.fbcdn.net/v/t39.30808-1/441192169_437089525590982_6292244619867377845_n.jpg?stp=cp0_dst-jpg_p32x32&_nc_cat=107&ccb=1-7&_nc_sid=5f2048&_nc_eui2=AeG8gYf8ijQVo8LnOhA0zyyfn_zmuPWjwjqf_Oa49aPCOkAYgl-MiYEs1FssSS7jRGK8ZF1LYjelX3rznrVTPP0f&_nc_ohc=hV92MtpKAEgQ7kNvgHmQ-vb&_nc_ht=scontent.fsgn19-1.fna&oh=00_AYDD9ZdsLd8nhBAzDauW8vIYwe7oY--ZbQo2Tz1Zdo2jwQ&oe=6676117C","D∆∞∆°ng Tr√† My","t·ª•i em kh√¥ng b√¨nh tƒ©nh ƒë∆∞·ª£c n·ªØa=)))","https://www.facebook.com/KaitoKid1412.Official/posts/pfbid02UMynNFPFMXYxqGzdHkf1hBDcKSYJJBWJD6PeNyho5ofmkF5pDKrqFStgmuRVcoval?comment_id=917575160138325","0","0","0","06/17/2024 07:48:11 PM"
"Y29tbWVudDo3NjcwNzIzMTIyOTI3NDhfODUxNjU0NzkwMTQ3NDcy","100070321721609","https://scontent.fsgn19-1.fna.fbcdn.net/v/t39.30808-1/448341575_505714085115978_7759605836486585005_n.jpg?stp=cp0_dst-jpg_p32x32&_nc_cat=105&ccb=1-7&_nc_sid=5f2048&_nc_eui2=AeEKaYo7BVKkxMebUeqk9blDk7G87Dk9G7GTsbzsOT0bscakItTNpFyQOE4MMTUQTXZfp8Lgi5HXUHjvmm1YFXZF&_nc_ohc=hRXnjQPQbt8Q7kNvgFvV0O5&_nc_ht=scontent.fsgn19-1.fna&oh=00_AYDYOA7VH6MuZ7llz5gX9T6T0j7zakVqTUW325ZMVpM3JA&oe=6675F108","√Åhh Tuy·∫øt","kh vui nhaa","https://www.facebook.com/KaitoKid1412.Official/posts/pfbid02UMynNFPFMXYxqGzdHkf1hBDcKSYJJBWJD6PeNyho5ofmkF5pDKrqFStgmuRVcoval?comment_id=851654790147472","0","0","0","06/17/2024 07:48:21 PM"
"Y29tbWVudDo3NjcwNzIzMTIyOTI3NDhfMTU0NDA1ODg1MzEyNDcwMw==","100058016075455","https://scontent.fsgn19-1.fna.fbcdn.net/v/t39.30808-1/448304662_851783490098846_4963175839377517622_n.jpg?stp=cp0_dst-jpg_p32x32&_nc_cat=110&ccb=1-7&_nc_sid=5f2048&_nc_eui2=AeFj1mT3CBDQu5-N5mAxSBGxKbyc_U2R-i4pvJz9TZH6LmdQ52hgnXqk6KxFK6RcAiokgF2WLRbGzsfbZWKVez9Z&_nc_ohc=AEPqXJiJaugQ7kNvgE03L4k&_nc_ht=scontent.fsgn19-1.fna&oh=00_AYACXQYqljgOboZcKi8sCtlG5cMhUJ4U2jaICtlfLCvvTg&oe=6675FAB3","MDoo Temmq","ch·∫Øc ph·∫£i c√≥ b√≠ ·∫©n n√†o ·ªü ƒë√¢y,nh√¢n danh ƒë·ªá t·ª≠ Sherlock Holmes e s·∫Ω gi·∫£i m√£ ƒëc avata c·ªßa a","https://www.facebook.com/KaitoKid1412.Official/posts/pfbid02UMynNFPFMXYxqGzdHkf1hBDcKSYJJBWJD6PeNyho5ofmkF5pDKrqFStgmuRVcoval?comment_id=1544058853124703","0","0","0","06/17/2024 07:48:36 PM"
"Y29tbWVudDo3NjcwNzIzMTIyOTI3NDhfOTA1NzIwNjUxMzE5MzE5","100091282450687","https://scontent.fsgn19-1.fna.fbcdn.net/v/t1.30497-1/143086968_2856368904622192_1959732218791162458_n.png?stp=cp0_dst-png_p32x32&_nc_cat=1&ccb=1-7&_nc_sid=5f2048&_nc_eui2=AeGeHqmZ1cTaj41jbNFmjlWAso2H55p0AlGyjYfnmnQCUemA0NxXiMvC3iwkXz-XpSXbIBdKXDfMCQxQJc9oBn2f&_nc_ohc=dLKpxagQdsAQ7kNvgE4TNCp&_nc_ht=scontent.fsgn19-1.fna&oh=00_AYDXR5Km5ntH9R-UM8B2QSibNMAzp-3ObUs3kkKV5-51Eg&oe=6697A338","H·∫£i ƒêƒÉng","Th·ª´a gi·∫•y v·∫Ω voi:)","https://www.facebook.com/KaitoKid1412.Official/posts/pfbid02UMynNFPFMXYxqGzdHkf1hBDcKSYJJBWJD6PeNyho5ofmkF5pDKrqFStgmuRVcoval?comment_id=905720651319319","0","0","0","06/17/2024 07:48:38 PM"
"Y29tbWVudDo3NjcwNzIzMTIyOTI3NDhfMTUzMDU0NjQwNzY3MjYwMA==","100066566827203","https://scontent.fsgn19-1.fna.fbcdn.net/v/t1.30497-1/143086968_2856368904622192_1959732218791162458_n.png?stp=cp0_dst-png_p32x32&_nc_cat=1&ccb=1-7&_nc_sid=5f2048&_nc_eui2=AeGeHqmZ1cTaj41jbNFmjlWAso2H55p0AlGyjYfnmnQCUemA0NxXiMvC3iwkXz-XpSXbIBdKXDfMCQxQJc9oBn2f&_nc_ohc=dLKpxagQdsAQ7kNvgE4TNCp&_nc_ht=scontent.fsgn19-1.fna&oh=00_AYDXR5Km5ntH9R-UM8B2QSibNMAzp-3ObUs3kkKV5-51Eg&oe=6697A338","Hungw Lee","ƒê·ªïi c√≥ c√°i avt ƒë√¢u ra c·∫£ 10 c√°i ƒë·ªÅ v","https://www.facebook.com/KaitoKid1412.Official/posts/pfbid02UMynNFPFMXYxqGzdHkf1hBDcKSYJJBWJD6PeNyho5ofmkF5pDKrqFStgmuRVcoval?comment_id=1530546407672600","0","0","0","06/17/2024 07:47:39 PM"
"Y29tbWVudDo3NjcwNzIzMTIyOTI3NDhfMjc4MDcyMDQ0MjA3ODcxNg==","100054604234620","https://scontent.fsgn19-1.fna.fbcdn.net/v/t39.30808-1/444479492_961342599029206_1446388125999204507_n.jpg?stp=cp0_dst-jpg_p32x32&_nc_cat=102&ccb=1-7&_nc_sid=5f2048&_nc_eui2=AeE76KW2NPwf4nOXGGZOsGyABURVgXNfxV4FRFWBc1_FXoHGvmn5alqf7seJmGAGUNCBjB5XmowSGesiP8vyY-d4&_nc_ohc=TyX9zRnpAYYQ7kNvgEfoQDB&_nc_ht=scontent.fsgn19-1.fna&oh=00_AYDLNi3HI4Vm2fq11bRj8BeLvzaT7HiUVWICN_mZF3pknw&oe=66761B7D","Ki·ªÅuu Tr·∫ßnn","anh t·ªìy l·∫Øm=)","https://www.facebook.com/KaitoKid1412.Official/posts/pfbid02UMynNFPFMXYxqGzdHkf1hBDcKSYJJBWJD6PeNyho5ofmkF5pDKrqFStgmuRVcoval?comment_id=2780720442078716","0","0","0","06/17/2024 07:49:35 PM"
"Y29tbWVudDo3NjcwNzIzMTIyOTI3NDhfMTE2MTM0MzIxNTIwMzUxOQ==","100063631883772","https://scontent.fsgn19-1.fna.fbcdn.net/v/t39.30808-1/441523739_965829508881436_617828101109971255_n.jpg?stp=cp0_dst-jpg_p32x32&_nc_cat=109&ccb=1-7&_nc_sid=5f2048&_nc_eui2=AeEhymaGH_78HZxy6LzMsht1EFqFpSvHNd4QWoWlK8c13nfhFZZTV7Rx5xBdpzxYX6g5QtBP--BOyxdZTsNDlNMP&_nc_ohc=3PNFVN53PNwQ7kNvgH6koLd&_nc_ht=scontent.fsgn19-1.fna&oh=00_AYBb5Qcj-xrlZlLpz2N33QUwWOJW8SdUDImaAd0Ntz86Dg&oe=6675EDEF","Thanhh Th·ªßyy","c∆∞·ªùi rack ckik","https://www.facebook.com/KaitoKid1412.Official/posts/pfbid02UMynNFPFMXYxqGzdHkf1hBDcKSYJJBWJD6PeNyho5ofmkF5pDKrqFStgmuRVcoval?comment_id=1161343215203519","0","0","0","06/17/2024 07:48:55 PM"
"Y29tbWVudDo3NjcwNzIzMTIyOTI3NDhfNDc5MDE1OTUxMjY3NTUy","100030825053011","https://scontent.fsgn19-1.fna.fbcdn.net/v/t39.30808-1/445388864_1161889058181918_7473512627942538802_n.jpg?stp=cp6_dst-jpg_p32x32&_nc_cat=110&ccb=1-7&_nc_sid=5f2048&_nc_eui2=AeEVuNfSnuMUh65saRnHYhhhpqQe6bPhz_SmpB7ps-HP9My1vrvZPzF-3XuajhzwabNhaX8og8jhDQb5DXQ8DMwD&_nc_ohc=2TOEeTHOlowQ7kNvgH21gyk&_nc_ht=scontent.fsgn19-1.fna&oh=00_AYD58wX70Mz2SPz-_oWRH8FN_HW29wmY7pZksOOK5o7zOw&oe=66760E15","Minh Tuy·∫øt","=)))))))) kh√©o ƒë√πa","https://www.facebook.com/KaitoKid1412.Official/posts/pfbid02UMynNFPFMXYxqGzdHkf1hBDcKSYJJBWJD6PeNyho5ofmkF5pDKrqFStgmuRVcoval?comment_id=479015951267552","0","0","0","06/17/2024 07:50:19 PM"
"Y29tbWVudDo3NjcwNzIzMTIyOTI3NDhfMTAxOTc3MDI1NjIzMTY2MA==","61554142922930","https://scontent.fsgn19-1.fna.fbcdn.net/v/t39.30808-1/434335932_122139918296138097_4273961310466889584_n.jpg?stp=cp0_dst-jpg_p32x32&_nc_cat=102&ccb=1-7&_nc_sid=5f2048&_nc_eui2=AeHtuqQRirOZqXfpOzJv9v0Rirgv-N-pIxiKuC_436kjGNGgJeH9Ky267mLHLIorrH56x79fLZTks7nKxSXXIWD_&_nc_ohc=Q7lWmMzxKSAQ7kNvgHxJO_Q&_nc_ht=scontent.fsgn19-1.fna&oh=00_AYBxbQpuoJE_k4vqyJk6EorGEx1IbagsebJD79Jw4ev1jg&oe=6675FE75","H√†o Nguy·ªÖn","kh√¥ng tinnn","https://www.facebook.com/KaitoKid1412.Official/posts/pfbid02UMynNFPFMXYxqGzdHkf1hBDcKSYJJBWJD6PeNyho5ofmkF5pDKrqFStgmuRVcoval?comment_id=1019770256231660","0","0","0","06/17/2024 07:48:26 PM"
"Y29tbWVudDo3NjcwNzIzMTIyOTI3NDhfOTA1NjY3MDM0NTg3Nzcw","100082087907078","https://scontent.fsgn19-1.fna.fbcdn.net/v/t1.30497-1/143086968_2856368904622192_1959732218791162458_n.png?stp=cp0_dst-png_p32x32&_nc_cat=1&ccb=1-7&_nc_sid=5f2048&_nc_eui2=AeGeHqmZ1cTaj41jbNFmjlWAso2H55p0AlGyjYfnmnQCUemA0NxXiMvC3iwkXz-XpSXbIBdKXDfMCQxQJc9oBn2f&_nc_ohc=dLKpxagQdsAQ7kNvgE4TNCp&_nc_ht=scontent.fsgn19-1.fna&oh=00_AYDXR5Km5ntH9R-UM8B2QSibNMAzp-3ObUs3kkKV5-51Eg&oe=6697A338","T√¢m Nh∆∞","Gi·ª°n qu√†ii anh","https://www.facebook.com/KaitoKid1412.Official/posts/pfbid02UMynNFPFMXYxqGzdHkf1hBDcKSYJJBWJD6PeNyho5ofmkF5pDKrqFStgmuRVcoval?comment_id=905667034587770","0","0","0","06/17/2024 07:47:38 PM"
"Y29tbWVudDo3NjcwNzIzMTIyOTI3NDhfOTQ5MTM1NzIzNTY5MzU0","100030360860864","https://scontent.fsgn19-1.fna.fbcdn.net/v/t39.30808-1/425636916_1117458159276202_6578649013458720567_n.jpg?stp=cp0_dst-jpg_p32x32&_nc_cat=107&ccb=1-7&_nc_sid=5f2048&_nc_eui2=AeEdSrmLAwHLS5W0pyfETI1FtFFdIJs8pOa0UV0gmzyk5mvToh5CFsnc9Fajf97Vkpx1FoJBS_iIDwGbcjkeqY53&_nc_ohc=s19s1h29QGYQ7kNvgGUfXLx&_nc_ht=scontent.fsgn19-1.fna&oh=00_AYDAGmjcmISonJ1vfN0r-3hZ-F05NMGaw2ym3wTi5oEMgQ&oe=6675FF72","L√™ Khanh","√ä k gi·ª°n","https://www.facebook.com/KaitoKid1412.Official/posts/pfbid02UMynNFPFMXYxqGzdHkf1hBDcKSYJJBWJD6PeNyho5ofmkF5pDKrqFStgmuRVcoval?comment_id=949135723569354","0","0","1","06/17/2024 07:47:16 PM"
"Y29tbWVudDo3NjcwNzIzMTIyOTI3NDhfNDk1ODM4ODM5NTYyNjU0","100005611907423","https://scontent.fsgn19-1.fna.fbcdn.net/v/t39.30808-1/444487170_2498096143720758_4186651977449312921_n.jpg?stp=cp0_dst-jpg_p32x32&_nc_cat=109&ccb=1-7&_nc_sid=5f2048&_nc_eui2=AeFa8g05Th350IBhrgspVwpzXTG__sorOfhdMb_-yis5-Hxgp282fV10XPIo8L6nnsYbRoWlUWnJ9SFNqMD5jRkT&_nc_ohc=ni0BpdCj3BgQ7kNvgGW5-Fg&_nc_ht=scontent.fsgn19-1.fna&oh=00_AYDyicAYdvn5935yYav2B00uOnO88n7hzrM9iuXanrT6hg&oe=667608C4","Uy√™n","=))))) √™ th·ªùi ƒëi·ªÉm nh·∫°y c·∫£m nha","https://www.facebook.com/KaitoKid1412.Official/posts/pfbid02UMynNFPFMXYxqGzdHkf1hBDcKSYJJBWJD6PeNyho5ofmkF5pDKrqFStgmuRVcoval?comment_id=495838839562654","1","0","0","06/17/2024 07:48:42 PM"
"Y29tbWVudDo3NjcwNzIzMTIyOTI3NDhfNzMzNjc2MjU0OTc4MDA1NA==","100070589631028","https://scontent.fsgn19-1.fna.fbcdn.net/v/t39.30808-1/445241907_503724821990501_7314847706786337170_n.jpg?stp=cp0_dst-jpg_p32x32&_nc_cat=102&ccb=1-7&_nc_sid=5f2048&_nc_eui2=AeEFHSwmNuUZbSuIdPLP8ib5H11iuNH_K2YfXWK40f8rZk5moocp35pwofysPhxB5qQuANxuFCooCksau2PqDb-b&_nc_ohc=OPjmhyJx6j8Q7kNvgEAC3Z2&_nc_ht=scontent.fsgn19-1.fna&oh=00_AYBHCzvVaMlK7DcnVQg89TIbBHrDnxMbPEmVLzHIf6TU4w&oe=6675EEAD","Ho√†ng Phi","Ae 2k6 h∆°i b·ªã manh ƒë·ªông r·ªìi ƒë·∫•y ad","https://www.facebook.com/KaitoKid1412.Official/posts/pfbid02UMynNFPFMXYxqGzdHkf1hBDcKSYJJBWJD6PeNyho5ofmkF5pDKrqFStgmuRVcoval?comment_id=7336762549780054","0","0","0","06/17/2024 07:50:40 PM"
"Y29tbWVudDo3NjcwNzIzMTIyOTI3NDhfODQ5NDc3OTQzNjY3Nzgz","100042019097787","https://scontent.fsgn19-1.fna.fbcdn.net/v/t1.30497-1/143086968_2856368904622192_1959732218791162458_n.png?stp=cp0_dst-png_p32x32&_nc_cat=1&ccb=1-7&_nc_sid=5f2048&_nc_eui2=AeGeHqmZ1cTaj41jbNFmjlWAso2H55p0AlGyjYfnmnQCUemA0NxXiMvC3iwkXz-XpSXbIBdKXDfMCQxQJc9oBn2f&_nc_ohc=dLKpxagQdsAQ7kNvgE4TNCp&_nc_ht=scontent.fsgn19-1.fna&oh=00_AYDXR5Km5ntH9R-UM8B2QSibNMAzp-3ObUs3kkKV5-51Eg&oe=6697A338","Kim Luy·∫øn","J k√¨ z aüòí","https://www.facebook.com/KaitoKid1412.Official/posts/pfbid02UMynNFPFMXYxqGzdHkf1hBDcKSYJJBWJD6PeNyho5ofmkF5pDKrqFStgmuRVcoval?comment_id=849477943667783","0","0","0","06/17/2024 07:50:57 PM"
"Y29tbWVudDo3NjcwNzIzMTIyOTI3NDhfOTM1NjU1NzExNjQ1MjQ5","100038675083784","https://scontent.fsgn19-1.fna.fbcdn.net/v/t1.30497-1/143086968_2856368904622192_1959732218791162458_n.png?stp=cp0_dst-png_p32x32&_nc_cat=1&ccb=1-7&_nc_sid=5f2048&_nc_eui2=AeGeHqmZ1cTaj41jbNFmjlWAso2H55p0AlGyjYfnmnQCUemA0NxXiMvC3iwkXz-XpSXbIBdKXDfMCQxQJc9oBn2f&_nc_ohc=dLKpxagQdsAQ7kNvgE4TNCp&_nc_ht=scontent.fsgn19-1.fna&oh=00_AYDXR5Km5ntH9R-UM8B2QSibNMAzp-3ObUs3kkKV5-51Eg&oe=6697A338","Th·∫£o","√ä √¥n VB d·ªØ l·∫Øm r nha )","https://www.facebook.com/KaitoKid1412.Official/posts/pfbid02UMynNFPFMXYxqGzdHkf1hBDcKSYJJBWJD6PeNyho5ofmkF5pDKrqFStgmuRVcoval?comment_id=935655711645249","0","0","0","06/17/2024 07:50:52 PM"
"Y29tbWVudDo3NjcwNzIzMTIyOTI3NDhfMjY1MTYzMjg2NjU1NTU2","100024021513652","https://scontent.fsgn19-1.fna.fbcdn.net/v/t39.30808-1/448510800_1690383708438997_7711873268761370735_n.jpg?stp=cp0_dst-jpg_p32x32&_nc_cat=101&ccb=1-7&_nc_sid=5f2048&_nc_eui2=AeESENRpMs_n5SvFmpufP8T8iqWZyhbACdOKpZnKFsAJ04eVk5Cf4crQX48zQfjMFPLueEH1Uz_XQUYWGskwAbVd&_nc_ohc=HPbq2WBgl0EQ7kNvgGTr29k&_nc_ht=scontent.fsgn19-1.fna&oh=00_AYCs_RKzQaiTrD6AJtQUm1ub0G5DAVSGFEm3y-VsIXQNQA&oe=667614A1","Nh∆∞ Nguy·ªÖn","Nguyen Thi Hong Phuong ???","https://www.facebook.com/KaitoKid1412.Official/posts/pfbid02UMynNFPFMXYxqGzdHkf1hBDcKSYJJBWJD6PeNyho5ofmkF5pDKrqFStgmuRVcoval?comment_id=265163286655556","0","0","1","06/17/2024 07:49:50 PM"
"Y29tbWVudDo3NjcwNzIzMTIyOTI3NDhfODIxMDE5MTIzMzI4MDMy","100051472397485","https://scontent.fsgn19-1.fna.fbcdn.net/v/t39.30808-1/431912501_923396242719447_1922921529576823352_n.jpg?stp=cp0_dst-jpg_p32x32&_nc_cat=111&ccb=1-7&_nc_sid=5f2048&_nc_eui2=AeFHFojj34ykCm8f0vQUtVZZRMpciaQ5ch9EylyJpDlyH5mkpja6j3hzlCd56OYah_PwSRlIhgu0HqD0y-ZG6b0A&_nc_ohc=_QAgvS1Zc5YQ7kNvgHf50qb&_nc_ht=scontent.fsgn19-1.fna&oh=00_AYCvCGOIQGy-bV3ztVLoMwg7oH2o1y8GsDhVc6-e7Xdy0Q&oe=6675F3C8","V≈© H∆∞·ªùng","B√πi Thu Th∆∞∆°ngHo√†ii Ng·ªçc t√¥i k tin ‚ò∫Ô∏è","https://www.facebook.com/KaitoKid1412.Official/posts/pfbid02UMynNFPFMXYxqGzdHkf1hBDcKSYJJBWJD6PeNyho5ofmkF5pDKrqFStgmuRVcoval?comment_id=821019123328032","0","0","1","06/17/2024 07:47:47 PM"